ALBANY ,
ALLEGANY ,
BROOME ,
CATTARAUGUS ,
CAYUGA ,
CHAUTAUQUA ,
CHEMUNG ,
CHENANGO ,
CLINTON ,
COLUMBIA ,
CORTLAND ,
DELAWARE ,
DUTCHES ,
ERIE ,
ESSEX ,
FRANKLIN ,
FULTON ,
GENESEE ,
GREENE ,
HAMILTON ,
HERKIMER ,
JEFFERSON ,
LEWIS ,
LIVINGSTON ,
MADISON ,
MONROE ,
MONTGOMERY ,
NASSAU ,
NIAGARA ,
ONEIDA ,
ONONDAGA ,
ONTARIO ,
ORANGE ,
ORLEANS ,
OSWEGO ,
OTSEGO ,
PUTNAM ,
RENSSELAER ,
ROCKLAND ,
ST. LAWRENCE ,
SARATOGA ,
SCHENECTADY ,
SCHOHARIE ,
SCHUYLER ,
SENECA ,
STEUBEN ,
SUFFOLK ,
SULLIVAN ,
TIOGA ,
TOMPKINS ,
ULSTER ,
WARREN ,
WASHINGTON ,
WAYNE ,
WESTCHESTER ,
WYOMING ,
YATES ,
NEW YORK CITY ,
Adams ,
Addison ,
Afton ,
Alabama ,
Albany  ,
Albion ,
Albion ,
Alden ,
Alexander ,
Alexandria ,
Alfred ,
Allegany ,
Allen ,
Alma ,
Almond ,
Altona ,
Amboy ,
Amenia ,
Amherst ,
Amity ,
Amsterdam  ,
Amsterdam ,
Ancram ,
Andes ,
Andover ,
Angelica ,
Annsville ,
Antwerp ,
Arcade ,
Arcadia ,
Argyle ,
Arietta ,
Arkwright ,
Ashford ,
Ashland ,
Ashland ,
Athens ,
Attica ,
Auburn  ,
Augusta ,
Aurelius ,
Aurora ,
Ausable ,
Austerlitz ,
Ava ,
Avoca ,
Avon ,
Babylon ,
Bainbridge ,
Baldwin ,
Ballston ,
Bangor ,
Barker ,
Barre ,
Barrington ,
Barton ,
Batavia  ,
Batavia ,
Bath ,
Beacon  ,
Bedford ,
Beekman ,
Beekmantown ,
Belfast ,
Bellmont ,
Bennington ,
Benson ,
Benton ,
Bergen ,
Berkshire ,
Berlin ,
Berne ,
Bethany ,
Bethel ,
Bethlehem ,
Big Flats ,
Binghamton  ,
Binghamton ,
Birdsall ,
Black Brook ,
Bleecker ,
Blenheim ,
Blooming Grove ,
Bolivar ,
Bolton ,
Bombay ,
Boonville ,
Boston ,
Bovina ,
Boylston ,
Bradford ,
Brandon ,
Brant ,
Brasher ,
Bridgewater ,
Brighton ,
Brighton ,
Bristol ,
Broadalbin ,
Brookfield ,
Brookhaven ,
Broome ,
Brownville ,
Brunswick ,
Brutus ,
Buffalo  ,
Burke ,
Burlington ,
Burns ,
Busti ,
Butler ,
Butternuts ,
Byron ,
Cairo ,
Caledonia ,
Callicoon ,
Cambria ,
Cambridge ,
Camden ,
Cameron ,
Camillus ,
Campbell ,
Canaan ,
Canadice ,
Canajoharie ,
Canandaigua  ,
Canandaigua ,
Candor ,
Caneadea ,
Canisteo ,
Canton ,
Cape Vincent ,
Carlisle ,
Carlton ,
Carmel ,
Caroga ,
Caroline ,
Carroll ,
Carrollton ,
Castile ,
Catharine ,
Catlin ,
Cato ,
Caton ,
Catskill ,
Cayuta ,
Cazenovia ,
Centerville ,
Champion ,
Champlain ,
Charleston ,
Charlotte ,
Charlton ,
Chateaugay ,
Chatham ,
Chautauqua ,
Chazy ,
Cheektowaga ,
Chemung ,
Chenango ,
Cherry Creek ,
Cherry Valley ,
Chester ,
Chester ,
Chesterfield ,
Chili ,
Cicero ,
Cincinnatus ,
Clare ,
Clarence ,
Clarendon ,
Clarkson ,
Clarkstown ,
Clarksville ,
Claverack ,
Clay ,
Clayton ,
Clermont ,
Clifton ,
Clifton Park ,
Clinton ,
Clinton ,
Clymer ,
Cobleskill ,
Cochecton ,
Coeymans ,
Cohocton ,
Cohoes  ,
Colchester ,
Cold Spring ,
Colden ,
Colesville ,
Collins ,
Colonie ,
Colton ,
Columbia ,
Columbus ,
Concord ,
Conesus ,
Conesville ,
Conewango ,
Conklin ,
Conquest ,
Constable ,
Constantia ,
Copake ,
Corinth ,
Corning  ,
Corning ,
Cornwall ,
Cortland  ,
Cortlandt ,
Cortlandville ,
Coventry ,
Covert ,
Covington ,
Coxsackie ,
Crawford ,
Croghan ,
Crown Point ,
Cuba ,
Cuyler ,
Danby ,
Dannemora ,
Dansville ,
Danube ,
Darien ,
Davenport ,
Day ,
Dayton ,
De Peyster ,
De Ruyter ,
Decatur ,
Deerfield ,
Deerpark ,
Dekalb ,
Delaware ,
Delhi ,
Denmark ,
Denning ,
Deposit ,
Dewitt ,
Diana ,
Dickinson ,
Dickinson ,
Dix ,
Dover ,
Dresden ,
Dryden ,
Duane ,
Duanesburg ,
Dunkirk  ,
Dunkirk ,
Durham ,
Eagle ,
East Bloomfield ,
East Fishkill ,
East Greenbush ,
East Hampton ,
East Otto ,
East Rochester ,
Eastchester ,
Easton ,
Eaton ,
Eden ,
Edinburg ,
Edmeston ,
Edwards ,
Elba ,
Elbridge ,
Elizabethtown ,
Ellenburg ,
Ellery ,
Ellicott ,
Ellicottville ,
Ellington ,
Ellisburg ,
Elma ,
Elmira  ,
Elmira ,
Enfield ,
Ephratah ,
Erin ,
Erwin ,
Esopus ,
Esperance ,
Essex ,
Evans ,
Exeter ,
Fabius ,
Fairfield ,
Fallsburgh ,
Farmersville ,
Farmington ,
Fayette ,
Fenner ,
Fenton ,
Fine ,
Fishkill ,
Fleming ,
Florence ,
Florida ,
Floyd ,
Forestburgh ,
Forestport ,
Fort Ann ,
Fort Covington ,
Fort Edward ,
Fowler ,
Frankfort ,
Franklin ,
Franklin ,
Franklinville ,
Freedom ,
Freetown ,
Fremont ,
Fremont ,
French Creek ,
Friendship ,
Fulton  ,
Fulton ,
Gaines ,
Gainesville ,
Galen ,
Gallatin ,
Galway ,
Gardiner ,
Gates ,
Geddes ,
Genesee ,
Genesee Falls ,
Geneseo ,
Geneva  ,
Geneva ,
Genoa ,
Georgetown ,
German ,
German Flatts ,
Germantown ,
Gerry ,
Ghent ,
Gilboa ,
Glen ,
Glen Cove  ,
Glens Falls  ,
Glenville ,
Gloversville  ,
Gorham ,
Goshen ,
Gouverneur ,
Grafton ,
Granby ,
Grand Island ,
Granger ,
Granville ,
Great Valley ,
Greece ,
Green Island ,
Greenburgh ,
Greene ,
Greenfield ,
Greenport ,
Greenville ,
Greenville ,
Greenwich ,
Greenwood ,
Greig ,
Groton ,
Grove ,
Groveland ,
Guilderland ,
Guilford ,
Hadley ,
Hague ,
Halcott ,
Halfmoon  ,
Hamburg ,
Hamden ,
Hamilton ,
Hamlin ,
Hammond ,
Hampton ,
Hamptonburgh ,
Hancock ,
Hannibal ,
Hanover ,
Hardenburgh ,
Harford ,
Harmony ,
Harpersfield ,
Harrietstown ,
Harrisburg ,
Harrison ,
Hartford ,
Hartland ,
Hartsville ,
Hartwick ,
Hastings ,
Haverstraw ,
Hebron ,
Hector ,
Hempstead ,
Henderson ,
Henrietta ,
Herkimer ,
Hermon ,
Highland ,
Highlands ,
Hillsdale ,
Hinsdale ,
Holland ,
Homer ,
Hoosick ,
Hope ,
Hopewell ,
Hopkinton ,
Horicon ,
Hornby ,
Hornell  ,
Hornellsville ,
Horseheads ,
Hounsfield ,
Howard ,
Hudson  ,
Hume ,
Humphrey ,
Hunter ,
Huntington ,
Hurley ,
Huron ,
Hyde Park ,
Independence ,
Indian Lake ,
Inlet ,
Ira ,
Irondequoit ,
Ischua ,
Islip ,
Italy ,
Ithaca  ,
Ithaca ,
Jackson ,
Jamestown  ,
Jasper ,
Java ,
Jay ,
Jefferson ,
Jerusalem ,
Jewett ,
Johnsburg ,
Johnstown  ,
Johnstown ,
Junius ,
Keene ,
Kendall ,
Kent ,
Kiantone ,
Kinderhook ,
Kingsbury ,
Kingston   ,
Kingston ,
Kirkland ,
Kirkwood ,
Knox ,
Kortright ,
La Grange ,
Lackawanna  ,
LaFayette ,
Lake George ,
Lake Luzerne ,
Lake Pleasant ,
Lancaster ,
Lansing ,
Lapeer ,
Laurens ,
Lawrence ,
Le Ray ,
Le Roy ,
Lebanon ,
Ledyard ,
Lee ,
Leicester ,
Lenox ,
Leon ,
Lewis ,
Lewis ,
Lewisboro ,
Lewiston ,
Lexington ,
Leyden ,
Liberty ,
Lima ,
Lincklaen ,
Lincoln ,
Lindley ,
Lisbon ,
Lisle ,
Litchfield ,
Little Falls  ,
Little Falls ,
Little Valley ,
Livingston ,
Livonia ,
Lloyd ,
Locke ,
Lockport  ,
Lockport ,
Lodi ,
Long Beach  ,
Long Lake ,
Lorraine ,
Louisville ,
Lowville ,
Lumberland ,
Lyme ,
Lyndon ,
Lyons ,
Lyonsdale ,
Lysander ,
Macedon ,
Machias ,
Macomb ,
Madison ,
Madrid ,
Maine ,
Malone ,
Malta ,
Mamakating ,
Mamaroneck ,
Manchester ,
Manheim ,
Manlius ,
Mansfield ,
Marathon ,
Marbletown ,
Marcellus ,
Marcy ,
Marilla ,
Marion ,
Marlborough ,
Marshall ,
Martinsburg ,
Maryland ,
Masonville ,
Massena ,
Mayfield ,
Mc Donough ,
Mechanicville  ,
Mendon ,
Mentz ,
Meredith ,
Mexico ,
Middleburgh ,
Middlebury ,
Middlefield ,
Middlesex ,
Middletown ,
Middletown  ,
Milan ,
Milford ,
Milo ,
Milton ,
Mina ,
Minden ,
Minerva ,
Minetto ,
Minisink ,
Mohawk ,
Moira ,
Monroe ,
Montague ,
Montezuma ,
Montgomery ,
Montour ,
Mooers ,
Moravia ,
Moreau ,
Morehouse ,
Moriah ,
Morris ,
Morristown ,
Mount Hope ,
Mount Kisco ,
Mount Morris ,
Mount Pleasant ,
Mt Vernon  ,
Murray ,
Nanticoke ,
Naples ,
Napoli ,
Nassau ,
Nelson ,
Neversink ,
New Albion ,
New Baltimore ,
New Berlin ,
New Bremen ,
New Castle ,
New Hartford ,
New Haven ,
New Hudson ,
New Lebanon ,
New Lisbon ,
New Paltz ,
New Rochelle  ,
New Scotland ,
New Windsor ,
New York City  ,
Newark Valley ,
Newburgh  ,
Newburgh ,
Newcomb ,
Newfane ,
Newfield ,
Newport ,
Newstead ,
Niagara ,
Niagara Falls  ,
Nichols ,
Niles ,
Niskayuna ,
Norfolk ,
North Castle ,
North Collins ,
North Dansville ,
North Elba ,
North Greenbush ,
North Harmony ,
North Hempstead ,
North Hudson ,
North Norwich ,
North Salem ,
North Tonawanda  ,
Northampton ,
Northeast ,
Northumberland ,
Norway ,
Norwich  ,
Norwich ,
Nunda ,
Oakfield ,
Oakfield ,
Ogden ,
Ogdensburg  ,
Ohio ,
Olean  ,
Olean ,
Olive ,
Oneida  ,
Oneonta  ,
Oneonta ,
Onondaga ,
Ontario ,
Oppenheim ,
Orange ,
Orangetown ,
Orangeville ,
Orchard Park ,
Orleans ,
Orwell ,
Osceola ,
Ossian ,
Ossining ,
Oswegatchie ,
Oswego  ,
Oswego ,
Otego ,
Otisco ,
Otsego ,
Otselic ,
Otto ,
Ovid ,
Owasco ,
Owego ,
Oxford ,
Oyster Bay ,
Palatine ,
Palermo ,
Palmyra ,
Pamelia ,
Paris ,
Parish ,
Parishville ,
Parma ,
Patterson ,
Pavilion ,
Pawling ,
Peekskill  ,
Pelham ,
Pembroke ,
Pendleton ,
Penfield ,
Perinton ,
Perry ,
Perrysburg ,
Persia ,
Perth ,
Peru ,
Petersburgh ,
Pharsalia ,
Phelps ,
Philadelphia ,
Philipstown ,
Piercefield ,
Pierrepont ,
Pike ,
Pinckney ,
Pine Plains ,
Pitcairn ,
Pitcher ,
Pittsfield ,
Pittsford ,
Pittstown ,
Plainfield ,
Plattekill ,
Plattsburgh  ,
Plattsburgh ,
Pleasant Valley ,
Plymouth ,
Poestenkill ,
Poland ,
Pomfret ,
Pompey ,
Port Jervis  ,
Portage ,
Porter ,
Portland ,
Portville ,
Potsdam ,
Potter ,
Poughkeepsie  ,
Poughkeepsie ,
Pound Ridge ,
Prattsburg ,
Prattsville ,
Preble ,
Preston ,
Princetown ,
Providence ,
Pulteney ,
Putnam ,
Putnam Valley ,
Queensbury ,
Ramapo ,
Randolph ,
Rathbone ,
Reading ,
Red Hook ,
Red House ,
Redfield ,
Remsen ,
Rensselaer  ,
Rensselaerville ,
Rhinebeck ,
Richfield ,
Richford ,
Richland ,
Richmond ,
Richmondville ,
Ridgeway ,
Riga ,
Ripley ,
Riverhead ,
Rochester  ,
Rochester ,
Rockland ,
Rodman ,
Rome  ,
Romulus ,
Root ,
Rose ,
Roseboom ,
Rosendale ,
Rossie ,
Rotterdam ,
Roxbury ,
Royalton ,
Rush ,
Rushford ,
Russell ,
Russia ,
Rutland ,
Rye  ,
Rye ,
Salamanca  ,
Salamanca ,
Salem ,
Salina ,
Salisbury ,
Sand Lake ,
Sandy Creek ,
Sanford ,
Sangerfield ,
Santa Clara ,
Saranac ,
Saratoga ,
Saratoga Springs  ,
Sardinia ,
Saugerties ,
Savannah ,
Scarsdale ,
Schaghticoke ,
Schenectady  ,
Schodack ,
Schoharie ,
Schroeppel ,
Schroon ,
Schuyler ,
Schuyler Falls ,
Scio ,
Scipio ,
Scott ,
Scriba ,
Sempronius ,
Seneca ,
Seneca Falls ,
Sennett ,
Seward ,
Shandaken ,
Sharon ,
Shawangunk ,
Shelby ,
Sheldon ,
Shelter Island ,
Sherburne ,
Sheridan ,
Sherman ,
Sherrill  ,
Sidney ,
Skaneateles ,
Smithfield ,
Smithtown ,
Smithville ,
Smyrna ,
Sodus ,
Solon ,
Somers ,
Somerset ,
South Bristol ,
South Valley ,
Southampton ,
Southeast ,
Southold ,
Southport ,
Spafford ,
Sparta ,
Spencer ,
Springfield ,
Springport ,
Springwater ,
St Armand ,
St Johnsville ,
Stafford ,
Stamford ,
Stanford ,
Stark ,
Starkey ,
Stephentown ,
Sterling ,
Steuben ,
Stillwater ,
Stockbridge ,
Stockholm ,
Stockport ,
Stockton ,
Stony Creek ,
Stony Point ,
Stratford ,
Stuyvesant ,
Sullivan ,
Summerhill ,
Summit ,
Sweden ,
Syracuse  ,
Taghkanic ,
Taylor ,
Theresa ,
Thompson ,
Throop ,
Thurman ,
Thurston ,
Ticonderoga ,
Tioga ,
Tompkins ,
Tonawanda  ,
Tonawanda ,
Torrey ,
Trenton ,
Triangle ,
Troupsburg ,
Troy  ,
Truxton ,
Tully ,
Tupper Lake ,
Turin ,
Tuscarora ,
Tusten ,
Tuxedo ,
Tyre ,
Tyrone ,
Ulster ,
Ulysses ,
Unadilla ,
Union ,
Union Vale ,
Urbana ,
Utica  ,
Van Buren ,
Van Etten ,
Varick ,
Venice ,
Vernon ,
Verona ,
Vestal ,
Veteran ,
Victor ,
Victory ,
Vienna ,
Villenova ,
Virgil ,
Volney ,
Waddington ,
Wales ,
Wallkill ,
Walton ,
Walworth ,
Wappinger ,
Ward ,
Warren ,
Warrensburg ,
Warsaw ,
Warwick ,
Washington ,
Waterford ,
Waterloo ,
Watertown  ,
Watertown ,
Watervliet  ,
Watson ,
Waverly ,
Wawarsing ,
Wawayanda ,
Wayland ,
Wayne ,
Webb ,
Webster ,
Wells ,
Wellsville ,
West Almond ,
West Bloomfield ,
West Monroe ,
West Seneca ,
West Sparta ,
West Turin ,
West Union ,
Westerlo ,
Western ,
Westfield ,
Westford ,
Westmoreland ,
Westport ,
Westville ,
Wethersfield ,
Wheatfield ,
Wheatland ,
Wheeler ,
White Creek ,
White Plains  ,
Whitehall ,
Whitestown ,
Willet ,
Williamson ,
Williamstown ,
Willing ,
Willsboro ,
Wilmington ,
Wilna ,
Wilson ,
Wilton ,
Windham ,
Windsor ,
Winfield ,
Wirt ,
Wolcott ,
Woodbury ,
Woodhull ,
Woodstock ,
Worcester ,
Worth ,
Wright ,
Yates ,
Yonkers  ,
York ,
Yorkshire ,
Yorktown ,
